structure_name,left_cell_count,right_cell_count,total_cells,left_volume_mm3,right_volume_mm3,total_volume_mm3,left_cells_per_mm3,right_cells_per_mm3
Abducens nucleus,0.0,1.0,1.0,0.013033,0.014464,0.027497,0.0,69.13716814159292
Accessory facial motor nucleus,0.0,0.0,0.0,0.00284,0.0031999999999999,0.00604,0.0,0.0
"Accessory olfactory bulb, glomerular layer",0.0,1.0,1.0,0.07618,0.07636,0.15254,0.0,13.095861707700367
"Accessory olfactory bulb, granular layer",1.0,3.0,4.0,0.1161099999999999,0.118944,0.2350539999999999,8.612522607871854,25.221953188054883
"Accessory olfactory bulb, mitral layer",0.0,0.0,0.0,0.143724,0.141228,0.284952,0.0,0.0
Accessory supraoptic group,0.0,0.0,0.0,0.0036539999999999,0.003584,0.007238,0.0,0.0
Accessory trigeminal nucleus,0.0,0.0,0.0,0.009483,0.0086,0.018083,0.0,0.0
"Agranular insular area, dorsal part, layer 1",0.0,0.0,0.0,0.1928619999999999,0.2016589999999999,0.3945209999999999,0.0,0.0
"Agranular insular area, dorsal part, layer 2/3",0.0,0.0,0.0,0.398518,0.431882,0.8304,0.0,0.0
"Agranular insular area, dorsal part, layer 5",0.0,0.0,0.0,0.724182,0.710418,1.4346,0.0,0.0
"Agranular insular area, dorsal part, layer 6a",4.0,0.0,4.0,0.351272,0.335024,0.686296,11.387187137033411,0.0
"Agranular insular area, dorsal part, layer 6b",0.0,0.0,0.0,0.02114,0.019849,0.040989,0.0,0.0
"Agranular insular area, posterior part, layer 1",0.0,0.0,0.0,0.205817,0.228037,0.4338539999999999,0.0,0.0
"Agranular insular area, posterior part, layer 2/3",0.0,0.0,0.0,0.409725,0.430791,0.840516,0.0,0.0
"Agranular insular area, posterior part, layer 5",0.0,1.0,1.0,0.435232,0.418244,0.853476,0.0,2.3909488241313683
"Agranular insular area, posterior part, layer 6a",0.0,0.0,0.0,0.248828,0.240453,0.4892809999999999,0.0,0.0
"Agranular insular area, posterior part, layer 6b",0.0,0.0,0.0,0.010643,0.01219,0.022833,0.0,0.0
"Agranular insular area, ventral part, layer 1",0.0,0.0,0.0,0.109343,0.1230889999999999,0.2324319999999999,0.0,0.0
"Agranular insular area, ventral part, layer 2/3",0.0,0.0,0.0,0.275422,0.311342,0.5867640000000001,0.0,0.0
"Agranular insular area, ventral part, layer 5",0.0,0.0,0.0,0.347827,0.357494,0.705321,0.0,0.0
"Agranular insular area, ventral part, layer 6a",0.0,0.0,0.0,0.07891,0.077843,0.1567529999999999,0.0,0.0
"Agranular insular area, ventral part, layer 6b",0.0,0.0,0.0,0.0013579999999999,0.001298,0.0026559999999999,0.0,0.0
Anterior amygdalar area,0.0,0.0,0.0,0.2427139999999999,0.264405,0.507119,0.0,0.0
"Anterior area, layer 1",0.0,0.0,0.0,0.097425,0.091723,0.1891479999999999,0.0,0.0
"Anterior area, layer 2/3",7.0,0.0,7.0,0.199756,0.179887,0.3796429999999999,35.042752157632314,0.0
"Anterior area, layer 4",2.0,0.0,2.0,0.087172,0.083938,0.1711099999999999,22.94314688202634,0.0
"Anterior area, layer 5",17.0,0.0,17.0,0.214119,0.208927,0.423046,79.39510272325202,0.0
"Anterior area, layer 6a",5.0,0.0,5.0,0.1478249999999999,0.13662,0.2844449999999999,33.82377811601558,0.0
"Anterior area, layer 6b",0.0,0.0,0.0,0.0272309999999999,0.0236469999999999,0.0508779999999999,0.0,0.0
"Anterior cingulate area, dorsal part, layer 1",0.0,0.0,0.0,0.314762,0.347176,0.6619379999999999,0.0,0.0
"Anterior cingulate area, dorsal part, layer 2/3",1.0,0.0,1.0,0.3465729999999999,0.328824,0.675397,2.8853949961479985,0.0
"Anterior cingulate area, dorsal part, layer 5",7.0,0.0,7.0,0.694135,0.662661,1.356796,10.084493650370606,0.0
"Anterior cingulate area, dorsal part, layer 6a",0.0,0.0,0.0,0.372309,0.4002259999999999,0.772535,0.0,0.0
"Anterior cingulate area, dorsal part, layer 6b",0.0,0.0,0.0,0.012589,0.01436,0.026949,0.0,0.0
"Anterior cingulate area, ventral part, 6a",1.0,1.0,2.0,0.180164,0.1915629999999999,0.371727,5.550498434759442,5.220214759635214
"Anterior cingulate area, ventral part, 6b",0.0,0.0,0.0,0.029958,0.0319949999999999,0.0619529999999999,0.0,0.0
"Anterior cingulate area, ventral part, layer 1",0.0,0.0,0.0,0.22943,0.261704,0.4911339999999999,0.0,0.0
"Anterior cingulate area, ventral part, layer 2/3",0.0,0.0,0.0,0.26291,0.268912,0.531822,0.0,0.0
"Anterior cingulate area, ventral part, layer 5",3.0,0.0,3.0,0.523936,0.541702,1.065638,5.725890185060771,0.0
Anterior hypothalamic nucleus,0.0,0.0,0.0,0.4012219999999999,0.386258,0.78748,0.0,0.0
Anterior olfactory nucleus,2.0,1.0,3.0,2.638859,2.653045,5.291904000000001,0.7579033210944579,0.37692538196675895
Anterior pretectal nucleus,21.0,20.0,41.0,0.676466,0.669276,1.345742,31.043688818063288,29.883037790089592
Anterior tegmental nucleus,1.0,1.0,2.0,0.023882,0.023417,0.047299,41.87253998827569,42.70401844813597
Anterodorsal nucleus,16.0,18.0,34.0,0.088382,0.079771,0.168153,181.03233690117898,225.64591142144388
Anterodorsal preoptic nucleus,0.0,0.0,0.0,0.058836,0.0581249999999999,0.116961,0.0,0.0
"Anterolateral visual area, layer 1",0.0,0.0,0.0,0.0541629999999999,0.057003,0.1111659999999999,0.0,0.0
"Anterolateral visual area, layer 2/3",12.0,0.0,12.0,0.094432,0.100685,0.1951169999999999,127.07556760420196,0.0
"Anterolateral visual area, layer 4",13.0,0.0,13.0,0.0536619999999999,0.0568409999999999,0.1105029999999999,242.25709067869303,0.0
"Anterolateral visual area, layer 5",52.0,1.0,53.0,0.104254,0.1099899999999999,0.214244,498.7818213210045,9.091735612328403
"Anterolateral visual area, layer 6a",2.0,0.0,2.0,0.051037,0.0550789999999999,0.1061159999999999,39.18725630424986,0.0
"Anterolateral visual area, layer 6b",1.0,0.0,1.0,0.009762,0.010555,0.020317,102.4380249948781,0.0
"Anteromedial nucleus, dorsal part",6.0,4.0,10.0,0.146903,0.142554,0.2894569999999999,40.84327753687808,28.059542348864294
"Anteromedial nucleus, ventral part",7.0,1.0,8.0,0.101671,0.0974719999999999,0.199143,68.849524446499,10.25935653315825
"Anteromedial visual area, layer 1",0.0,0.0,0.0,0.039664,0.0405019999999999,0.0801659999999999,0.0,0.0
"Anteromedial visual area, layer 2/3",4.0,0.0,4.0,0.074322,0.065452,0.139774,53.819864912139074,0.0
"Anteromedial visual area, layer 4",2.0,0.0,2.0,0.026924,0.022157,0.049081,74.2831674342594,0.0
"Anteromedial visual area, layer 5",21.0,0.0,21.0,0.117684,0.1071849999999999,0.2248689999999999,178.44396859386154,0.0
"Anteromedial visual area, layer 6a",1.0,0.0,1.0,0.075691,0.0723029999999999,0.147994,13.21161036318717,0.0
"Anteromedial visual area, layer 6b",0.0,0.0,0.0,0.013314,0.011842,0.0251559999999999,0.0,0.0
Anteroventral nucleus of thalamus,5.0,8.0,13.0,0.2331879999999999,0.226288,0.459476,21.441926685764287,35.35317825072474
Anteroventral periventricular nucleus,0.0,0.0,0.0,0.074502,0.072819,0.1473209999999999,0.0,0.0
Anteroventral preoptic nucleus,0.0,0.0,0.0,0.043435,0.040084,0.083519,0.0,0.0
Arcuate hypothalamic nucleus,0.0,0.0,0.0,0.136534,0.144891,0.281425,0.0,0.0
Area postrema,0.0,0.0,0.0,0.00178,0.002806,0.004586,0.0,0.0
Area prostriata,9.0,0.0,9.0,0.133603,0.1466269999999999,0.28023,67.36375680186822,0.0
Barrington's nucleus,1.0,0.0,1.0,0.009649,0.01049,0.0201389999999999,103.6376826614157,0.0
"Basolateral amygdalar nucleus, anterior part",0.0,0.0,0.0,0.431015,0.425917,0.856932,0.0,0.0
"Basolateral amygdalar nucleus, posterior part",0.0,0.0,0.0,0.33038,0.351745,0.682125,0.0,0.0
"Basolateral amygdalar nucleus, ventral part",0.0,0.0,0.0,0.2275839999999999,0.225717,0.4533009999999999,0.0,0.0
"Basomedial amygdalar nucleus, anterior part",0.0,0.0,0.0,0.409923,0.409756,0.819679,0.0,0.0
"Basomedial amygdalar nucleus, posterior part",0.0,0.0,0.0,0.3553969999999999,0.375048,0.730445,0.0,0.0
Bed nuclei of the stria terminalis,4.0,6.0,10.0,0.800796,0.832356,1.633152,4.9950299452045215,7.208454074939088
Bed nucleus of the accessory olfactory tract,0.0,0.0,0.0,0.013446,0.0119709999999999,0.025417,0.0,0.0
Bed nucleus of the anterior commissure,0.0,0.0,0.0,0.004384,0.004555,0.0089389999999999,0.0,0.0
Caudoputamen,20.0,16.0,36.0,15.587227,15.351883,30.93911,1.283101862826531,1.042217427008791
"Central amygdalar nucleus, capsular part",0.0,0.0,0.0,0.173759,0.180012,0.353771,0.0,0.0
"Central amygdalar nucleus, lateral part",1.0,0.0,1.0,0.143481,0.152909,0.29639,6.969563914385877,0.0
"Central amygdalar nucleus, medial part",0.0,0.0,0.0,0.407114,0.42862,0.835734,0.0,0.0
Central lateral nucleus of the thalamus,7.0,3.0,10.0,0.2268599999999999,0.2312789999999999,0.4581389999999999,30.85603455875872,12.97134629603207
Central linear nucleus raphe,0.0,1.0,1.0,0.0431439999999999,0.046269,0.0894129999999999,0.0,21.612742873198037
Central medial nucleus of the thalamus,1.0,11.0,12.0,0.163178,0.173516,0.336694,6.1282770961771815,63.39473016897577
Cerebellum,17.0,14.0,31.0,0.3922879999999999,0.4339099999999999,0.826198,43.335508605922186,32.264755364015585
Claustrum,5.0,0.0,5.0,0.26855,0.241855,0.510405,18.61850679575498,0.0
Copula pyramidis,14.0,15.0,29.0,0.647504,1.223838,1.871342,21.62148805258346,12.256524147803876
"Cortical amygdalar area, anterior part",0.0,0.0,0.0,0.4250259999999999,0.4036409999999999,0.8286669999999999,0.0,0.0
"Cortical amygdalar area, posterior part, lateral zone",0.0,0.0,0.0,0.603383,0.6260669999999999,1.22945,0.0,0.0
"Cortical amygdalar area, posterior part, medial zone",0.0,0.0,0.0,0.695251,0.652787,1.3480379999999998,0.0,0.0
Cortical subplate,0.0,0.0,0.0,0.1892339999999999,0.192358,0.381592,0.0,0.0
Crus 1,7.0,12.0,19.0,3.088899,2.807429,5.8963280000000005,2.2661796322896928,4.274373456995707
Crus 2,7.0,23.0,30.0,1.476073,2.412494,3.888567,4.74231288018953,9.533702467239296
Cuneate nucleus,0.0,0.0,0.0,0.0072109999999999,0.050559,0.05777,0.0,0.0
Cuneiform nucleus,18.0,11.0,29.0,0.30932,0.322278,0.631598,58.19216345532136,34.13202266366305
Declive (VI),11.0,7.0,18.0,1.434513,1.611348,3.045861,7.668107573789851,4.344188840647706
"Dentate gyrus, granule cell layer",2.0,2.0,4.0,0.887278,0.907044,1.794322,2.2540849654786888,2.2049646985151767
"Dentate gyrus, molecular layer",13.0,5.0,18.0,2.486118,2.512564,4.998682,5.229035789934348,1.9899990607204434
"Dentate gyrus, polymorph layer",1.0,0.0,1.0,0.350948,0.3604199999999999,0.711368,2.8494249860378176,0.0
Dentate nucleus,11.0,5.0,16.0,0.2039679999999999,0.205588,0.409556,53.9300282397239,24.32048563145709
Diagonal band nucleus,31.0,6.0,37.0,0.405501,0.4355659999999999,0.841067,76.44864007733644,13.775179880890615
"Dorsal auditory area, layer 1",0.0,0.0,0.0,0.089582,0.1060479999999999,0.1956299999999999,0.0,0.0
"Dorsal auditory area, layer 2/3",7.0,0.0,7.0,0.161768,0.188463,0.3502309999999999,43.2718461005885,0.0
"Dorsal auditory area, layer 4",3.0,0.0,3.0,0.074267,0.0859129999999999,0.16018,40.39479176484845,0.0
"Dorsal auditory area, layer 5",20.0,1.0,21.0,0.1973649999999999,0.208362,0.4057269999999999,101.33508980822339,4.799339610869545
"Dorsal auditory area, layer 6a",1.0,0.0,1.0,0.096827,0.089643,0.18647,10.327697852871617,0.0
"Dorsal auditory area, layer 6b",0.0,0.0,0.0,0.01524,0.0138299999999999,0.02907,0.0,0.0
Dorsal cochlear nucleus,5.0,1.0,6.0,0.3289019999999999,0.335426,0.664328,15.202096673173168,2.9812835021733557
Dorsal motor nucleus of the vagus nerve,2.0,4.0,6.0,0.0403769999999999,0.053075,0.093452,49.53315006067823,75.3650494583137
Dorsal nucleus raphe,26.0,29.0,55.0,0.064982,0.0831529999999999,0.148135,400.1107999138223,348.75470518201433
"Dorsal part of the lateral geniculate complex, core",387.0,7.0,394.0,0.2441209999999999,0.2387949999999999,0.4829159999999999,1585.2794311017904,29.313846604828424
"Dorsal part of the lateral geniculate complex, ipsilateral zone",36.0,3.0,39.0,0.0560559999999999,0.056742,0.112798,642.2149279292148,52.87088928835783
"Dorsal part of the lateral geniculate complex, shell",135.0,1.0,136.0,0.1168299999999999,0.11702,0.23385,1155.5251219720972,8.545547769612032
Dorsal peduncular area,2.0,0.0,2.0,0.253668,0.265576,0.519244,7.884321238784553,0.0
Dorsal premammillary nucleus,0.0,0.0,0.0,0.0805729999999999,0.077746,0.158319,0.0,0.0
Dorsal tegmental nucleus,10.0,7.0,17.0,0.07187,0.0735379999999999,0.1454079999999999,139.14011409489356,95.1888819385897
Dorsal terminal nucleus of the accessory optic tract,0.0,0.0,0.0,0.005559,0.0059289999999999,0.0114879999999999,0.0,0.0
Dorsomedial nucleus of the hypothalamus,0.0,1.0,1.0,0.191687,0.198538,0.390225,0.0,5.0368191479716735
Ectorhinal area/Layer 1,0.0,0.0,0.0,0.132148,0.140233,0.272381,0.0,0.0
Ectorhinal area/Layer 2/3,0.0,0.0,0.0,0.248325,0.249105,0.49743,0.0,0.0
Ectorhinal area/Layer 5,1.0,0.0,1.0,0.2849319999999999,0.272523,0.557455,3.5096093102915793,0.0
Ectorhinal area/Layer 6a,0.0,0.0,0.0,0.1980829999999999,0.1926999999999999,0.390783,0.0,0.0
Ectorhinal area/Layer 6b,0.0,0.0,0.0,0.029154,0.028942,0.0580959999999999,0.0,0.0
Edinger-Westphal nucleus,0.0,1.0,1.0,0.01239,0.017613,0.030003,0.0,56.77624481916766
"Endopiriform nucleus, dorsal part",2.0,0.0,2.0,0.981068,0.97659,1.957658,2.0385946743752728,0.0
"Endopiriform nucleus, ventral part",0.0,0.0,0.0,0.501247,0.491901,0.993148,0.0,0.0
"Entorhinal area, lateral part, layer 1",0.0,0.0,0.0,0.53979,0.4981199999999999,1.03791,0.0,0.0
"Entorhinal area, lateral part, layer 2",0.0,0.0,0.0,0.888166,0.8348369999999999,1.7230029999999998,0.0,0.0
"Entorhinal area, lateral part, layer 3",0.0,0.0,0.0,0.7352989999999999,0.722731,1.45803,0.0,0.0
"Entorhinal area, lateral part, layer 5",7.0,10.0,17.0,0.8235119999999999,0.811697,1.635209,8.50017971808547,12.319868128131557
"Entorhinal area, lateral part, layer 6a",0.0,0.0,0.0,0.657546,0.630141,1.287687,0.0,0.0
"Entorhinal area, medial part, dorsal zone, layer 1",0.0,0.0,0.0,0.5381049999999999,0.596792,1.134897,0.0,0.0
"Entorhinal area, medial part, dorsal zone, layer 2",0.0,0.0,0.0,0.585536,0.649903,1.235439,0.0,0.0
"Entorhinal area, medial part, dorsal zone, layer 3",5.0,0.0,5.0,0.501459,0.5579609999999999,1.0594199999999998,9.97090489950325,0.0
"Entorhinal area, medial part, dorsal zone, layer 5",7.0,2.0,9.0,0.509657,0.570234,1.079891,13.734727473575365,3.5073320777084493
"Entorhinal area, medial part, dorsal zone, layer 6",5.0,0.0,5.0,0.386872,0.406095,0.792967,12.924171302136108,0.0
Ethmoid nucleus of the thalamus,3.0,4.0,7.0,0.129237,0.138903,0.26814,23.213166508043365,28.797074217259528
External cuneate nucleus,1.0,0.0,1.0,0.0328409999999999,0.0845119999999999,0.1173529999999999,30.44974269967428,0.0
Facial motor nucleus,4.0,3.0,7.0,0.465358,0.503833,0.969191,8.595532901551064,5.954353922827604
Fasciola cinerea,0.0,0.0,0.0,0.035703,0.033072,0.068775,0.0,0.0
Fastigial nucleus,12.0,7.0,19.0,0.2854009999999999,0.27928,0.564681,42.04610355254538,25.064451446576914
Field CA1,12.0,14.0,26.0,6.398451,6.3125,12.710951,1.8754539184562014,2.217821782178218
Field CA2,3.0,1.0,4.0,0.296471,0.308517,0.604988,10.119033564834336,3.2413124722462623
Field CA3,17.0,7.0,24.0,3.918992,3.695314,7.614305999999999,4.33785014105668,1.8942909858269148
Fields of Forel,2.0,6.0,8.0,0.1171069999999999,0.1276179999999999,0.2447249999999999,17.078398387799204,47.01531131971983
Flocculus,2.0,3.0,5.0,0.621846,0.621374,1.24322,3.2162303850149394,4.828010183882815
Folium-tuber vermis (VII),0.0,0.0,0.0,0.0100539999999999,0.110997,0.1210509999999999,0.0,0.0
"Frontal pole, layer 1",0.0,0.0,0.0,0.1146239999999999,0.122197,0.236821,0.0,0.0
"Frontal pole, layer 2/3",0.0,0.0,0.0,0.1058399999999999,0.1142499999999999,0.2200899999999999,0.0,0.0
"Frontal pole, layer 5",0.0,0.0,0.0,0.1633649999999999,0.175085,0.33845,0.0,0.0
"Frontal pole, layer 6a",1.0,0.0,1.0,0.0521509999999999,0.049206,0.101357,19.175087726026383,0.0
"Frontal pole, layer 6b",0.0,0.0,0.0,0.000496,0.000445,0.000941,0.0,0.0
Fundus of striatum,0.0,0.0,0.0,0.232642,0.2165149999999999,0.449157,0.0,0.0
Gigantocellular reticular nucleus,24.0,16.0,40.0,1.276388,1.423996,2.700384,18.803059884611887,11.235986617939938
"Globus pallidus, external segment",2.0,0.0,2.0,0.994511,1.056888,2.051399,2.0110385908250388,0.0
"Globus pallidus, internal segment",0.0,0.0,0.0,0.2462669999999999,0.2707509999999999,0.517018,0.0,0.0
"Gustatory areas, layer 1",0.0,0.0,0.0,0.0946979999999999,0.0956979999999999,0.1903959999999999,0.0,0.0
"Gustatory areas, layer 2/3",0.0,0.0,0.0,0.193462,0.2041289999999999,0.3975909999999999,0.0,0.0
"Gustatory areas, layer 4",0.0,0.0,0.0,0.073365,0.074317,0.1476819999999999,0.0,0.0
"Gustatory areas, layer 5",0.0,0.0,0.0,0.285112,0.264071,0.549183,0.0,0.0
"Gustatory areas, layer 6a",0.0,0.0,0.0,0.2143229999999999,0.1907569999999999,0.40508,0.0,0.0
"Gustatory areas, layer 6b",0.0,0.0,0.0,0.017994,0.016269,0.034263,0.0,0.0
Hippocampal formation,5.0,1.0,6.0,0.236846,0.242868,0.479714,21.11076395632605,4.117462984007774
Hippocampo-amygdalar transition area,0.0,0.0,0.0,0.198867,0.213391,0.412258,0.0,0.0
Hypoglossal nucleus,0.0,0.0,0.0,0.07077,0.0846639999999999,0.155434,0.0,0.0
Hypothalamus,15.0,10.0,25.0,1.575267,1.5858329999999998,3.1611,9.522195284989783,6.3058342208795
Induseum griseum,0.0,0.0,0.0,0.062221,0.071722,0.1339429999999999,0.0,0.0
"Inferior colliculus, central nucleus",34.0,26.0,60.0,0.628026,0.660083,1.288109,54.13788601108872,39.38898593055722
"Inferior colliculus, dorsal nucleus",18.0,21.0,39.0,0.730472,0.737088,1.46756,24.641601594585417,28.49049231570722
"Inferior colliculus, external nucleus",19.0,13.0,32.0,0.8937839999999999,0.864819,1.758603,21.25793256536255,15.032047168251392
Inferior olivary complex,0.0,0.0,0.0,0.1585329999999999,0.164773,0.323306,0.0,0.0
Inferior salivatory nucleus,0.0,0.0,0.0,0.00361,0.0037709999999999,0.0073809999999999,0.0,0.0
Infracerebellar nucleus,0.0,0.0,0.0,0.037388,0.0342569999999999,0.0716449999999999,0.0,0.0
"Infralimbic area, layer 1",0.0,0.0,0.0,0.063473,0.072514,0.135987,0.0,0.0
"Infralimbic area, layer 2/3",0.0,0.0,0.0,0.062943,0.063604,0.126547,0.0,0.0
"Infralimbic area, layer 5",0.0,0.0,0.0,0.149482,0.155406,0.304888,0.0,0.0
"Infralimbic area, layer 6a",0.0,0.0,0.0,0.0993589999999999,0.099496,0.198855,0.0,0.0
"Infralimbic area, layer 6b",0.0,0.0,0.0,0.0058369999999999,0.0051649999999999,0.0110019999999999,0.0,0.0
Interanterodorsal nucleus of the thalamus,2.0,0.0,2.0,0.067846,0.064691,0.132537,29.47852489461427,0.0
Interanteromedial nucleus of the thalamus,0.0,0.0,0.0,0.028645,0.030476,0.059121,0.0,0.0
Intercalated amygdalar nucleus,0.0,0.0,0.0,0.099132,0.0981389999999999,0.1972709999999999,0.0,0.0
Interfascicular nucleus raphe,0.0,2.0,2.0,0.0573669999999999,0.063872,0.1212389999999999,0.0,31.312625250501004
Intergeniculate leaflet of the lateral geniculate complex,6.0,3.0,9.0,0.0405979999999999,0.0406809999999999,0.0812789999999999,147.79053155327887,73.74449988938343
Intermediate geniculate nucleus,0.0,0.0,0.0,0.0134709999999999,0.013203,0.0266739999999999,0.0,0.0
Intermediate reticular nucleus,15.0,32.0,47.0,1.075862,1.143278,2.21914,13.94230858604542,27.98969279562801
Intermediodorsal nucleus of the thalamus,0.0,3.0,3.0,0.10361,0.118209,0.221819,0.0,25.378778265614294
Interpeduncular nucleus,0.0,0.0,0.0,0.006349,0.0078219999999999,0.014171,0.0,0.0
"Interpeduncular nucleus, apical",0.0,1.0,1.0,0.016751,0.021178,0.037929,0.0,47.218811974690716
"Interpeduncular nucleus, caudal",0.0,0.0,0.0,0.038259,0.0439279999999999,0.082187,0.0,0.0
"Interpeduncular nucleus, dorsolateral",0.0,0.0,0.0,0.0251969999999999,0.0240769999999999,0.049274,0.0,0.0
"Interpeduncular nucleus, dorsomedial",0.0,0.0,0.0,0.014247,0.0150129999999999,0.0292599999999999,0.0,0.0
"Interpeduncular nucleus, intermediate",0.0,1.0,1.0,0.0187309999999999,0.017842,0.0365729999999999,0.0,56.047528304001794
"Interpeduncular nucleus, lateral",0.0,0.0,0.0,0.035817,0.032145,0.067962,0.0,0.0
"Interpeduncular nucleus, rostral",0.0,1.0,1.0,0.049051,0.0519779999999999,0.101029,0.0,19.238908769094653
"Interpeduncular nucleus, rostrolateral",0.0,0.0,0.0,0.0129159999999999,0.0111799999999999,0.024096,0.0,0.0
Interposed nucleus,32.0,13.0,45.0,0.515873,0.521214,1.037087,62.03077113940834,24.941770558734035
Interstitial nucleus of Cajal,0.0,0.0,0.0,0.044399,0.046897,0.091296,0.0,0.0
Intertrigeminal nucleus,1.0,1.0,2.0,0.039235,0.03513,0.074365,25.48744743213967,28.465698832906348
Koelliker-Fuse subnucleus,1.0,6.0,7.0,0.1043579999999999,0.100839,0.205197,9.582399049426025,59.50078838544611
Lateral amygdalar nucleus,0.0,0.0,0.0,0.427112,0.5085529999999999,0.935665,0.0,0.0
Lateral dorsal nucleus of thalamus,143.0,17.0,160.0,0.574001,0.523767,1.097768,249.12848583887487,32.457180387462365
Lateral habenula,6.0,0.0,6.0,0.227762,0.215384,0.443146,26.343288169229282,0.0
Lateral hypothalamic area,3.0,3.0,6.0,1.225735,1.235954,2.461689,2.4475110851856234,2.427274801489376
Lateral mammillary nucleus,0.0,0.0,0.0,0.0385719999999999,0.043281,0.081853,0.0,0.0
Lateral posterior nucleus of the thalamus,272.0,22.0,294.0,0.7198939999999999,0.707162,1.427056,377.8334032510342,31.110268934133906
Lateral preoptic area,7.0,3.0,10.0,0.358865,0.369788,0.728653,19.50594234600755,8.112756498317955
"Lateral reticular nucleus, magnocellular part",0.0,0.0,0.0,0.079207,0.099336,0.178543,0.0,0.0
"Lateral reticular nucleus, parvicellular part",0.0,0.0,0.0,0.019239,0.017055,0.036294,0.0,0.0
"Lateral septal nucleus, caudal (caudodorsal) part",0.0,0.0,0.0,0.22829,0.259681,0.487971,0.0,0.0
"Lateral septal nucleus, rostral (rostroventral) part",2.0,0.0,2.0,1.129322,1.223345,2.352667,1.7709740888781058,0.0
"Lateral septal nucleus, ventral part",2.0,1.0,3.0,0.3918839999999999,0.400736,0.7926199999999999,5.103551050821163,2.4954084484548433
Lateral terminal nucleus of the accessory optic tract,0.0,1.0,1.0,0.010935,0.010473,0.021408,0.0,95.48362455838824
Lateral vestibular nucleus,5.0,1.0,6.0,0.168106,0.1626149999999999,0.330721,29.743138258003878,6.149494204101717
"Lateral visual area, layer 1",0.0,0.0,0.0,0.080942,0.0915919999999999,0.172534,0.0,0.0
"Lateral visual area, layer 2/3",3.0,0.0,3.0,0.139211,0.159209,0.29842,21.55002119085417,0.0
"Lateral visual area, layer 4",14.0,1.0,15.0,0.092135,0.105252,0.1973869999999999,151.9509415531557,9.501007106753317
"Lateral visual area, layer 5",38.0,2.0,40.0,0.176513,0.195315,0.371828,215.28159399024435,10.239868929677701
"Lateral visual area, layer 6a",3.0,0.0,3.0,0.117602,0.1191179999999999,0.2367199999999999,25.509770242002688,0.0
"Lateral visual area, layer 6b",1.0,0.0,1.0,0.020891,0.021043,0.041934,47.867502752381405,0.0
Laterodorsal tegmental nucleus,22.0,7.0,29.0,0.120545,0.122443,0.2429879999999999,182.5044589157576,57.169458441887244
"Laterointermediate area, layer 1",0.0,0.0,0.0,0.0312469999999999,0.03735,0.0685969999999999,0.0,0.0
"Laterointermediate area, layer 2/3",23.0,1.0,24.0,0.052037,0.062056,0.114093,441.993197148183,16.114477246358128
"Laterointermediate area, layer 4",43.0,0.0,43.0,0.027953,0.033113,0.0610659999999999,1538.2964261438844,0.0
"Laterointermediate area, layer 5",55.0,0.0,55.0,0.078813,0.088763,0.167576,697.8544148807938,0.0
"Laterointermediate area, layer 6a",5.0,0.0,5.0,0.0407169999999999,0.043615,0.0843319999999999,122.79883095512962,0.0
"Laterointermediate area, layer 6b",0.0,0.0,0.0,0.007833,0.0084549999999999,0.0162879999999999,0.0,0.0
Linear nucleus of the medulla,13.0,2.0,15.0,0.023978,0.0185679999999999,0.042546,542.1636500125115,107.71219302025047
Lingula (I),2.0,4.0,6.0,0.056032,0.0597759999999999,0.115808,35.6938892061679,66.91648822269819
Lobule II,54.0,63.0,117.0,0.7575649999999999,0.71749,1.4750549999999998,71.2810121903731,87.80610182720316
Lobule III,106.0,97.0,203.0,1.715751,1.767434,3.483185,61.78052642836868,54.88182302705504
Lobules IV-V,113.0,127.0,240.0,4.330941,4.215329,8.54627,26.09132749672646,30.128134719733623
Locus ceruleus,2.0,4.0,6.0,0.008505,0.0088069999999999,0.017312,235.15579071134624,454.18417168162205
Magnocellular nucleus,2.0,0.0,2.0,0.207865,0.221189,0.429054,9.621629422942776,0.0
Magnocellular reticular nucleus,6.0,15.0,21.0,0.246107,0.262358,0.508465,24.37963975018996,57.17378543821801
Main olfactory bulb,6.0,5.0,11.0,7.813092999999999,7.430628,15.243721,0.7679417101524326,0.6728906358924172
Medial accesory oculomotor nucleus,0.0,2.0,2.0,0.009675,0.010025,0.0197,0.0,199.50124688279303
Medial amygdalar nucleus,0.0,0.0,0.0,1.069343,0.972684,2.042027,0.0,0.0
"Medial geniculate complex, dorsal part",4.0,5.0,9.0,0.097796,0.103624,0.20142,40.901468362714226,48.25137033891763
"Medial geniculate complex, medial part",3.0,4.0,7.0,0.139234,0.140262,0.2794959999999999,21.546461352830487,28.518059060900317
"Medial geniculate complex, ventral part",3.0,4.0,7.0,0.15727,0.162096,0.319366,19.07547529725949,24.676734774454644
Medial habenula,0.0,1.0,1.0,0.167865,0.163272,0.331137,0.0,6.124748885295703
"Medial mammillary nucleus, dorsal part",0.0,0.0,0.0,0.034457,0.0343,0.068757,0.0,0.0
"Medial mammillary nucleus, lateral part",0.0,0.0,0.0,0.108627,0.112477,0.221104,0.0,0.0
"Medial mammillary nucleus, medial part",0.0,0.0,0.0,0.0761749999999999,0.079593,0.155768,0.0,0.0
"Medial mammillary nucleus, median part",0.0,0.0,0.0,0.0426869999999999,0.0493679999999999,0.092055,0.0,0.0
"Medial mammillary nucleus, posterior part",0.0,0.0,0.0,0.016005,0.0181729999999999,0.034178,0.0,0.0
Medial preoptic area,0.0,0.0,0.0,0.304583,0.290891,0.5954740000000001,0.0,0.0
Medial preoptic nucleus,0.0,0.0,0.0,0.19704,0.1820149999999999,0.379055,0.0,0.0
Medial pretectal area,0.0,0.0,0.0,0.0289339999999999,0.025349,0.054283,0.0,0.0
Medial septal nucleus,3.0,5.0,8.0,0.2505489999999999,0.282231,0.53278,11.973705742190155,17.715984424106495
Medial terminal nucleus of the accessory optic tract,1.0,0.0,1.0,0.026579,0.02844,0.055019,37.6236878738854,0.0
Medial vestibular nucleus,83.0,62.0,145.0,1.041791,1.030172,2.071963,79.67049053025032,60.18412459278644
Median eminence,0.0,0.0,0.0,0.033551,0.038383,0.071934,0.0,0.0
Median preoptic nucleus,0.0,0.0,0.0,0.016921,0.0236,0.040521,0.0,0.0
Mediodorsal nucleus of thalamus,24.0,16.0,40.0,0.843213,0.816789,1.660002,28.462559282174254,19.5889023970695
Medulla,18.0,15.0,33.0,1.486563,1.752706,3.239269,12.108467653237703,8.558195156517979
"Medullary reticular nucleus, dorsal part",0.0,0.0,0.0,4.5e-05,0.1585069999999999,0.1585519999999999,0.0,0.0
"Medullary reticular nucleus, ventral part",0.0,0.0,0.0,0.049793,0.096664,0.146457,0.0,0.0
Midbrain,47.0,58.0,105.0,3.717381,3.723924,7.441305,12.643309900168964,15.574968769502279
Midbrain reticular nucleus,44.0,52.0,96.0,2.924483,2.920819,5.845302,15.045394348334389,17.803225739082087
"Midbrain reticular nucleus, retrorubral area",0.0,2.0,2.0,0.084414,0.089129,0.173543,0.0,22.439385609622008
Midbrain trigeminal nucleus,0.0,2.0,2.0,0.0053219999999999,0.005174,0.0104959999999999,0.0,386.5481252415926
Motor nucleus of trigeminal,4.0,8.0,12.0,0.2528849999999999,0.2369079999999999,0.4897929999999999,15.817466437313408,33.76838266331236
Nodulus (X),35.0,52.0,87.0,0.918575,0.8695259999999999,1.7881009999999995,38.10249571346923,59.80269710163929
Nucleus accumbens,1.0,1.0,2.0,2.602272,2.654328,5.2566,0.38427958337944684,0.3767431907435705
"Nucleus ambiguus, dorsal division",2.0,0.0,2.0,0.008032,0.008024,0.016056,249.00398406374504,0.0
"Nucleus ambiguus, ventral division",0.0,0.0,0.0,0.006378,0.0053219999999999,0.0116999999999999,0.0,0.0
Nucleus incertus,5.0,5.0,10.0,0.066143,0.070294,0.1364369999999999,75.59378921427816,71.12982615870487
Nucleus of Darkschewitsch,3.0,0.0,3.0,0.053325,0.053709,0.1070339999999999,56.258790436005626,0.0
Nucleus of Roller,0.0,0.0,0.0,0.0113759999999999,0.012261,0.023637,0.0,0.0
Nucleus of reuniens,3.0,1.0,4.0,0.266194,0.2723109999999999,0.538505,11.269976032517638,3.67227177748971
Nucleus of the brachium of the inferior colliculus,0.0,0.0,0.0,0.0449349999999999,0.046491,0.091426,0.0,0.0
Nucleus of the lateral lemniscus,1.0,2.0,3.0,0.371262,0.327791,0.6990529999999999,2.693515630471204,6.101448789014952
"Nucleus of the lateral olfactory tract, layer 3",0.0,0.0,0.0,0.0301549999999999,0.031296,0.0614509999999999,0.0,0.0
"Nucleus of the lateral olfactory tract, molecular layer",0.0,0.0,0.0,0.056343,0.055295,0.1116379999999999,0.0,0.0
"Nucleus of the lateral olfactory tract, pyramidal layer",0.0,0.0,0.0,0.075124,0.0757169999999999,0.150841,0.0,0.0
Nucleus of the optic tract,0.0,0.0,0.0,0.1161099999999999,0.106832,0.2229419999999999,0.0,0.0
Nucleus of the posterior commissure,1.0,1.0,2.0,0.186822,0.1746299999999999,0.361452,5.352688655511664,5.726392945083895
Nucleus of the solitary tract,8.0,14.0,22.0,0.296607,0.341287,0.637894,26.971716783487913,41.02119330651328
Nucleus of the trapezoid body,1.0,0.0,1.0,0.084537,0.0922959999999999,0.176833,11.829139903237635,0.0
Nucleus prepositus,20.0,16.0,36.0,0.1098909999999999,0.1101439999999999,0.2200349999999999,181.99852581194108,145.26438117373633
Nucleus raphe magnus,13.0,4.0,17.0,0.0539899999999999,0.080216,0.134206,240.78533061678132,49.865363518500054
Nucleus raphe obscurus,0.0,1.0,1.0,0.009457,0.01966,0.029117,0.0,50.8646998982706
Nucleus raphe pallidus,1.0,0.0,1.0,0.018337,0.027849,0.046186,54.53454763592736,0.0
Nucleus raphe pontis,0.0,1.0,1.0,0.0505209999999999,0.053058,0.103579,0.0,18.847299182027214
Nucleus sagulum,0.0,0.0,0.0,0.048089,0.046633,0.094722,0.0,0.0
Nucleus x,0.0,0.0,0.0,0.0264399999999999,0.026194,0.052634,0.0,0.0
Nucleus y,1.0,1.0,2.0,0.013085,0.0127549999999999,0.02584,76.42338555598013,78.40062720501825
Oculomotor nucleus,1.0,0.0,1.0,0.0186099999999999,0.018756,0.0373659999999999,53.73455131649679,0.0
Olfactory areas,9.0,3.0,12.0,1.735169,1.58056,3.315729,5.186814656094017,1.8980614465758971
Olfactory tubercle,0.0,0.0,0.0,2.073475,2.030865,4.10434,0.0,0.0
Olivary pretectal nucleus,0.0,0.0,0.0,0.038453,0.0341799999999999,0.072633,0.0,0.0
"Orbital area, lateral part, layer 1",0.0,0.0,0.0,0.1664439999999999,0.154921,0.321365,0.0,0.0
"Orbital area, lateral part, layer 2/3",3.0,1.0,4.0,0.303591,0.287821,0.591412,9.881715861142128,3.474381646926388
"Orbital area, lateral part, layer 5",7.0,4.0,11.0,0.599764,0.570539,1.170303,11.67125736122875,7.010914240744278
"Orbital area, lateral part, layer 6a",1.0,0.0,1.0,0.2388469999999999,0.229182,0.468029,4.186780658748071,0.0
"Orbital area, lateral part, layer 6b",0.0,0.0,0.0,0.0244999999999999,0.023507,0.0480069999999999,0.0,0.0
"Orbital area, medial part, layer 1",0.0,0.0,0.0,0.1669439999999999,0.1867889999999999,0.3537329999999999,0.0,0.0
"Orbital area, medial part, layer 2/3",0.0,0.0,0.0,0.125516,0.131887,0.257403,0.0,0.0
"Orbital area, medial part, layer 5",0.0,0.0,0.0,0.195492,0.202281,0.397773,0.0,0.0
"Orbital area, medial part, layer 6a",3.0,0.0,3.0,0.091779,0.0863039999999999,0.178083,32.68721602981074,0.0
"Orbital area, medial part, layer 6b",0.0,0.0,0.0,0.002092,0.001767,0.003859,0.0,0.0
"Orbital area, ventrolateral part, layer 1",1.0,0.0,1.0,0.1588409999999999,0.157748,0.316589,6.295603779880514,0.0
"Orbital area, ventrolateral part, layer 2/3",7.0,0.0,7.0,0.221484,0.2182849999999999,0.4397689999999999,31.60499178270214,0.0
"Orbital area, ventrolateral part, layer 5",4.0,3.0,7.0,0.282673,0.26952,0.5521929999999999,14.150626342098466,11.130899376669635
"Orbital area, ventrolateral part, layer 6a",1.0,1.0,2.0,0.1229249999999999,0.108925,0.23185,8.135041692088679,9.180628873077806
"Orbital area, ventrolateral part, layer 6b",0.0,0.0,0.0,0.0056409999999999,0.0046689999999999,0.01031,0.0,0.0
Pallidum,3.0,1.0,4.0,0.7067319999999999,0.6735019999999999,1.3802339999999995,4.244890566721191,1.4847765856671549
Parabigeminal nucleus,0.0,0.0,0.0,0.018364,0.018667,0.0370309999999999,0.0,0.0
Parabrachial nucleus,48.0,37.0,85.0,0.515498,0.505223,1.020721,93.11384331268016,73.2349873224299
Paracentral nucleus,5.0,4.0,9.0,0.1438249999999999,0.14976,0.293585,34.76447071093345,26.709401709401707
Parafascicular nucleus,13.0,11.0,24.0,0.268652,0.290912,0.559564,48.38973839762965,37.81212187878121
Paraflocculus,12.0,8.0,20.0,2.204804,2.346086,4.55089,5.442660662807215,3.4099346741764793
"Paragigantocellular reticular nucleus, dorsal part",2.0,2.0,4.0,0.114478,0.1192319999999999,0.2337099999999999,17.470605705899825,16.77402039720882
"Paragigantocellular reticular nucleus, lateral part",4.0,2.0,6.0,0.249223,0.261654,0.510877,16.04988303647737,7.64368211454822
Paramedian lobule,8.0,10.0,18.0,0.930738,2.144604,3.075342,8.595329727592514,4.662865498712116
Paranigral nucleus,0.0,0.0,0.0,0.014436,0.013637,0.028073,0.0,0.0
Parapyramidal nucleus,2.0,0.0,2.0,0.045293,0.056385,0.1016779999999999,44.15693374252092,0.0
Parasolitary nucleus,0.0,0.0,0.0,0.0045899999999999,0.016184,0.020774,0.0,0.0
Parastrial nucleus,0.0,0.0,0.0,0.0538859999999999,0.0574649999999999,0.1113509999999999,0.0,0.0
Parasubiculum,3.0,1.0,4.0,0.356558,0.487977,0.844535,8.413778403513595,2.0492769126413743
Parasubthalamic nucleus,2.0,1.0,3.0,0.0982769999999999,0.1003599999999999,0.1986369999999999,20.35064155397501,9.964129135113602
Parataenial nucleus,6.0,3.0,9.0,0.129958,0.1153999999999999,0.2453579999999999,46.168762215485,25.996533795493956
Paratrigeminal nucleus,0.0,0.0,0.0,0.005656,0.046152,0.051808,0.0,0.0
Paratrochlear nucleus,0.0,1.0,1.0,0.008328,0.00834,0.016668,0.0,119.9040767386091
Paraventricular hypothalamic nucleus,2.0,0.0,2.0,0.088473,0.085909,0.1743819999999999,22.6057667310931,0.0
"Paraventricular hypothalamic nucleus, descending division",0.0,1.0,1.0,0.0728699999999999,0.081325,0.1541949999999999,0.0,12.296341838303105
Paraventricular nucleus of the thalamus,10.0,6.0,16.0,0.1976349999999999,0.2120949999999999,0.4097299999999999,50.59832519543606,28.2892100238101
Parvicellular motor 5 nucleus,7.0,0.0,7.0,0.047122,0.045935,0.093057,148.5505708586223,0.0
Parvicellular reticular nucleus,15.0,11.0,26.0,1.16944,1.130554,2.299994,12.826652072786974,9.729743117091266
Pedunculopontine nucleus,11.0,6.0,17.0,0.565102,0.551706,1.116808,19.465512420766515,10.875357527378712
Periaqueductal gray,83.0,105.0,188.0,2.289343,2.385481,4.674823999999999,36.25494301203445,44.01628015481993
Perifornical nucleus,0.0,0.0,0.0,0.1168469999999999,0.1163859999999999,0.2332329999999999,0.0,0.0
Peripeduncular nucleus,2.0,0.0,2.0,0.044085,0.0398829999999999,0.0839679999999999,45.366904842917094,0.0
Perireunensis nucleus,3.0,0.0,3.0,0.0981549999999999,0.098214,0.196369,30.56390402934138,0.0
"Perirhinal area, layer 1",0.0,0.0,0.0,0.1177629999999999,0.117813,0.235576,0.0,0.0
"Perirhinal area, layer 2/3",0.0,0.0,0.0,0.1815679999999999,0.172788,0.354356,0.0,0.0
"Perirhinal area, layer 5",1.0,3.0,4.0,0.0905499999999999,0.083619,0.174169,11.043622308117076,35.87701359738816
"Perirhinal area, layer 6a",0.0,0.0,0.0,0.02744,0.023785,0.051225,0.0,0.0
"Perirhinal area, layer 6b",0.0,0.0,0.0,0.006731,0.005846,0.012577,0.0,0.0
Peritrigeminal zone,0.0,3.0,3.0,0.211284,0.1940009999999999,0.405285,0.0,15.463837815269002
"Periventricular hypothalamic nucleus, anterior part",0.0,0.0,0.0,0.0251629999999999,0.025133,0.0502959999999999,0.0,0.0
"Periventricular hypothalamic nucleus, intermediate part",0.0,0.0,0.0,0.095706,0.096594,0.1923,0.0,0.0
"Periventricular hypothalamic nucleus, posterior part",0.0,0.0,0.0,0.040353,0.041378,0.081731,0.0,0.0
"Periventricular hypothalamic nucleus, preoptic part",0.0,0.0,0.0,0.061346,0.067538,0.128884,0.0,0.0
Piriform area,0.0,1.0,1.0,6.021102,6.434692,12.455794,0.0,0.1554075937123331
Piriform-amygdalar area,0.0,0.0,0.0,0.646469,0.6834129999999999,1.329882,0.0,0.0
Pons,51.0,37.0,88.0,1.937628,1.969953,3.907581,26.32084177148555,18.782173990953083
Pontine central gray,29.0,27.0,56.0,0.3164869999999999,0.3254559999999999,0.6419429999999999,91.63093586782398,82.9605230814611
Pontine gray,2.0,0.0,2.0,0.592136,0.573056,1.165192,3.3776024426820865,0.0
Pontine reticular nucleus,26.0,27.0,53.0,1.395314,1.394334,2.789648,18.633798557170646,19.364083497928043
"Pontine reticular nucleus, caudal part",41.0,33.0,74.0,1.309053,1.319307,2.62836,31.32035142962126,25.013131894244477
Posterior amygdalar nucleus,0.0,0.0,0.0,0.534922,0.529215,1.064137,0.0,0.0
"Posterior auditory area, layer 1",0.0,0.0,0.0,0.0461759999999999,0.0550089999999999,0.101185,0.0,0.0
"Posterior auditory area, layer 2/3",4.0,0.0,4.0,0.064806,0.076638,0.141444,61.72267999876554,0.0
"Posterior auditory area, layer 4",1.0,0.0,1.0,0.0374199999999999,0.042678,0.080098,26.723677177979763,0.0
"Posterior auditory area, layer 5",3.0,0.0,3.0,0.096483,0.104488,0.200971,31.093560523615558,0.0
"Posterior auditory area, layer 6a",2.0,0.0,2.0,0.036212,0.039497,0.075709,55.230310394344414,0.0
"Posterior auditory area, layer 6b",0.0,0.0,0.0,0.007607,0.008144,0.015751,0.0,0.0
Posterior complex of the thalamus,54.0,36.0,90.0,0.706104,0.692705,1.398809,76.47598654022637,51.970174894074674
Posterior hypothalamic nucleus,4.0,2.0,6.0,0.4218949999999999,0.427237,0.849132,9.481032010334326,4.681242495383125
Posterior intralaminar thalamic nucleus,1.0,0.0,1.0,0.1142629999999999,0.104667,0.2189299999999999,8.751739408207388,0.0
Posterior limiting nucleus of the thalamus,1.0,1.0,2.0,0.1112779999999999,0.1085999999999999,0.2198779999999999,8.986502273585083,9.208103130755072
Posterior pretectal nucleus,3.0,0.0,3.0,0.080898,0.0764519999999999,0.15735,37.08373507379663,0.0
Posterior triangular thalamic nucleus,6.0,2.0,8.0,0.154724,0.153673,0.308397,38.77872857475246,13.01464798630859
Posterodorsal preoptic nucleus,0.0,0.0,0.0,0.006568,0.00624,0.012808,0.0,0.0
Posterodorsal tegmental nucleus,2.0,2.0,4.0,0.023694,0.024621,0.048315,84.40955516164429,81.23146907111816
"Posterolateral visual area, layer 1",1.0,0.0,1.0,0.081319,0.1107389999999999,0.192058,12.297249105375128,0.0
"Posterolateral visual area, layer 2/3",12.0,0.0,12.0,0.0906,0.1130289999999999,0.203629,132.4503311258278,0.0
"Posterolateral visual area, layer 4",2.0,0.0,2.0,0.01724,0.020217,0.037457,116.00928074245941,0.0
"Posterolateral visual area, layer 5",34.0,4.0,38.0,0.124438,0.1511269999999999,0.2755649999999999,273.22843504395763,26.46780522342138
"Posterolateral visual area, layer 6a",4.0,0.0,4.0,0.061473,0.0723699999999999,0.133843,65.06921737998796,0.0
"Posterolateral visual area, layer 6b",0.0,0.0,0.0,0.004967,0.005012,0.009979,0.0,0.0
Postpiriform transition area,0.0,0.0,0.0,0.64699,0.751574,1.398564,0.0,0.0
"Postrhinal area, layer 1",0.0,0.0,0.0,0.108676,0.117335,0.226011,0.0,0.0
"Postrhinal area, layer 2/3",0.0,0.0,0.0,0.173279,0.184711,0.35799,0.0,0.0
"Postrhinal area, layer 4",2.0,0.0,2.0,0.030806,0.033107,0.063913,64.92241771083555,0.0
"Postrhinal area, layer 5",23.0,1.0,24.0,0.208503,0.2179279999999999,0.426431,110.31016340292466,4.588671487830846
"Postrhinal area, layer 6a",8.0,0.0,8.0,0.101633,0.103463,0.205096,78.71459073332481,0.0
"Postrhinal area, layer 6b",2.0,0.0,2.0,0.018141,0.018153,0.036294,110.24750565018466,0.0
Postsubiculum,5.0,1.0,6.0,0.552156,0.639482,1.191638,9.055411876353784,1.563765672841456
Precommissural nucleus,2.0,2.0,4.0,0.094939,0.0934219999999999,0.188361,21.066158270047083,21.40823360664514
"Prelimbic area, layer 1",2.0,0.0,2.0,0.206429,0.227495,0.433924,9.688561200218961,0.0
"Prelimbic area, layer 2/3",0.0,0.0,0.0,0.178086,0.177486,0.355572,0.0,0.0
"Prelimbic area, layer 5",1.0,0.0,1.0,0.426,0.431373,0.8573729999999999,2.347417840375587,0.0
"Prelimbic area, layer 6a",0.0,0.0,0.0,0.209089,0.2120999999999999,0.421189,0.0,0.0
"Prelimbic area, layer 6b",0.0,0.0,0.0,0.010827,0.010695,0.021522,0.0,0.0
Preparasubthalamic nucleus,0.0,0.0,0.0,0.007162,0.006775,0.013937,0.0,0.0
Presubiculum,2.0,2.0,4.0,0.4588,0.5959479999999999,1.054748,4.3591979075850045,3.355997503137858
"Primary auditory area, layer 1",0.0,0.0,0.0,0.1669179999999999,0.189364,0.356282,0.0,0.0
"Primary auditory area, layer 2/3",4.0,0.0,4.0,0.219474,0.255927,0.475401,18.2253934406809,0.0
"Primary auditory area, layer 4",0.0,0.0,0.0,0.117839,0.141709,0.259548,0.0,0.0
"Primary auditory area, layer 5",24.0,1.0,25.0,0.371137,0.449003,0.82014,64.66614754120447,2.227156611425759
"Primary auditory area, layer 6a",4.0,0.0,4.0,0.1428809999999999,0.159111,0.301992,27.99532478076163,0.0
"Primary auditory area, layer 6b",0.0,0.0,0.0,0.025571,0.0280529999999999,0.053624,0.0,0.0
"Primary motor area, Layer 1",0.0,2.0,2.0,0.7010959999999999,0.655269,1.3563649999999998,0.0,3.0521816231196652
"Primary motor area, Layer 2/3",0.0,0.0,0.0,1.985989,1.918319,3.904308,0.0,0.0
"Primary motor area, Layer 5",0.0,0.0,0.0,1.865242,1.763891,3.629133,0.0,0.0
"Primary motor area, Layer 6a",1.0,3.0,4.0,1.738267,1.561116,3.299383,0.5752856149256702,1.9217021669113634
"Primary motor area, Layer 6b",0.0,1.0,1.0,0.111079,0.106376,0.217455,0.0,9.400616680454238
"Primary somatosensory area, barrel field, layer 1",0.0,0.0,0.0,0.466983,0.4453149999999999,0.912298,0.0,0.0
"Primary somatosensory area, barrel field, layer 2/3",3.0,0.0,3.0,0.8461259999999999,0.82206,1.668186,3.545571226980379,0.0
"Primary somatosensory area, barrel field, layer 4",4.0,0.0,4.0,0.7278509999999999,0.7461949999999999,1.474046,5.495630286968075,0.0
"Primary somatosensory area, barrel field, layer 5",10.0,0.0,10.0,0.6980379999999999,0.6958829999999999,1.3939209999999995,14.325867646173991,0.0
"Primary somatosensory area, barrel field, layer 6a",3.0,1.0,4.0,0.806404,0.6967099999999999,1.503114,3.72021964176765,1.435317420447532
"Primary somatosensory area, barrel field, layer 6b",0.0,0.0,0.0,0.0957659999999999,0.077226,0.1729919999999999,0.0,0.0
"Primary somatosensory area, lower limb, layer 1",0.0,0.0,0.0,0.183249,0.156806,0.340055,0.0,0.0
"Primary somatosensory area, lower limb, layer 2/3",0.0,0.0,0.0,0.369485,0.3377449999999999,0.70723,0.0,0.0
"Primary somatosensory area, lower limb, layer 4",0.0,0.0,0.0,0.158429,0.153381,0.31181,0.0,0.0
"Primary somatosensory area, lower limb, layer 5",0.0,0.0,0.0,0.33936,0.3318129999999999,0.671173,0.0,0.0
"Primary somatosensory area, lower limb, layer 6a",1.0,0.0,1.0,0.377528,0.323426,0.700954,2.6488101544786082,0.0
"Primary somatosensory area, lower limb, layer 6b",0.0,0.0,0.0,0.0373229999999999,0.032097,0.06942,0.0,0.0
"Primary somatosensory area, mouth, layer 1",0.0,1.0,1.0,0.339066,0.34402,0.683086,0.0,2.9068077437358295
"Primary somatosensory area, mouth, layer 2/3",0.0,0.0,0.0,0.679209,0.73779,1.416999,0.0,0.0
"Primary somatosensory area, mouth, layer 4",0.0,0.0,0.0,0.4647329999999999,0.497612,0.962345,0.0,0.0
"Primary somatosensory area, mouth, layer 5",1.0,0.0,1.0,0.608987,0.609572,1.218559,1.6420711772172478,0.0
"Primary somatosensory area, mouth, layer 6a",0.0,1.0,1.0,0.783558,0.76442,1.547978,0.0,1.308181366264619
"Primary somatosensory area, mouth, layer 6b",0.0,0.0,0.0,0.0527469999999999,0.0517069999999999,0.1044539999999999,0.0,0.0
"Primary somatosensory area, nose, layer 1",0.0,0.0,0.0,0.173926,0.224679,0.398605,0.0,0.0
"Primary somatosensory area, nose, layer 2/3",0.0,0.0,0.0,0.298234,0.380349,0.6785829999999999,0.0,0.0
"Primary somatosensory area, nose, layer 4",0.0,0.0,0.0,0.290909,0.351254,0.642163,0.0,0.0
"Primary somatosensory area, nose, layer 5",1.0,0.0,1.0,0.3124989999999999,0.339431,0.6519299999999999,3.200010240032769,0.0
"Primary somatosensory area, nose, layer 6a",0.0,2.0,2.0,0.4300779999999999,0.449684,0.8797619999999999,0.0,4.447567625265743
"Primary somatosensory area, nose, layer 6b",0.0,1.0,1.0,0.029276,0.031187,0.060463,0.0,32.064642318914935
"Primary somatosensory area, trunk, layer 1",0.0,0.0,0.0,0.085797,0.078923,0.1647199999999999,0.0,0.0
"Primary somatosensory area, trunk, layer 2/3",0.0,0.0,0.0,0.186854,0.1775189999999999,0.3643729999999999,0.0,0.0
"Primary somatosensory area, trunk, layer 4",0.0,0.0,0.0,0.077903,0.083857,0.16176,0.0,0.0
"Primary somatosensory area, trunk, layer 5",1.0,0.0,1.0,0.198464,0.2203989999999999,0.418863,5.038697194453402,0.0
"Primary somatosensory area, trunk, layer 6a",0.0,0.0,0.0,0.162743,0.1520729999999999,0.314816,0.0,0.0
"Primary somatosensory area, trunk, layer 6b",0.0,0.0,0.0,0.0261269999999999,0.0222699999999999,0.0483969999999999,0.0,0.0
"Primary somatosensory area, unassigned, layer 1",0.0,0.0,0.0,0.097911,0.092498,0.190409,0.0,0.0
"Primary somatosensory area, unassigned, layer 2/3",0.0,0.0,0.0,0.19607,0.194385,0.390455,0.0,0.0
"Primary somatosensory area, unassigned, layer 4",0.0,0.0,0.0,0.1154409999999999,0.119224,0.2346649999999999,0.0,0.0
"Primary somatosensory area, unassigned, layer 5",0.0,0.0,0.0,0.166275,0.165132,0.331407,0.0,0.0
"Primary somatosensory area, unassigned, layer 6a",0.0,0.0,0.0,0.205832,0.189881,0.395713,0.0,0.0
"Primary somatosensory area, unassigned, layer 6b",0.0,0.0,0.0,0.0183289999999999,0.0168859999999999,0.0352149999999999,0.0,0.0
"Primary somatosensory area, upper limb, layer 1",0.0,0.0,0.0,0.268026,0.2477289999999999,0.515755,0.0,0.0
"Primary somatosensory area, upper limb, layer 2/3",0.0,0.0,0.0,0.558561,0.539885,1.098446,0.0,0.0
"Primary somatosensory area, upper limb, layer 4",0.0,0.0,0.0,0.304537,0.304784,0.609321,0.0,0.0
"Primary somatosensory area, upper limb, layer 5",1.0,0.0,1.0,0.488319,0.474074,0.962393,2.0478416772642474,0.0
"Primary somatosensory area, upper limb, layer 6a",1.0,1.0,2.0,0.6503559999999999,0.587081,1.237437,1.5376193961461109,1.703342468926775
"Primary somatosensory area, upper limb, layer 6b",0.0,0.0,0.0,0.0535,0.048865,0.102365,0.0,0.0
"Primary visual area, layer 1",37.0,0.0,37.0,0.651345,0.648874,1.3002189999999998,56.805533165987306,0.0
"Primary visual area, layer 2/3",1028.0,1.0,1029.0,1.079334,1.089924,2.169258,952.4391893519522,0.9174951648004815
"Primary visual area, layer 4",238.0,0.0,238.0,0.60346,0.622177,1.225637,394.39233752029963,0.0
"Primary visual area, layer 5",692.0,6.0,698.0,0.975655,0.978334,1.953989,709.2671077378786,6.1328748668655075
"Primary visual area, layer 6a",48.0,3.0,51.0,0.6801699999999999,0.6575139999999999,1.337684,70.57059264595617,4.562640491305128
"Primary visual area, layer 6b",4.0,0.0,4.0,0.098883,0.093414,0.192297,40.45184713246969,0.0
Principal sensory nucleus of the trigeminal,25.0,11.0,36.0,0.630975,0.644693,1.275668,39.62122112603511,17.062384731957692
Prosubiculum,4.0,1.0,5.0,0.91481,0.882798,1.797608,4.372492648746734,1.132761968196575
Pyramus (VIII),0.0,1.0,1.0,0.0574579999999999,0.173653,0.231111,0.0,5.758610562443494
Red nucleus,9.0,14.0,23.0,0.4956899999999999,0.494878,0.990568,18.156509108515404,28.28980071856094
Reticular nucleus of the thalamus,9.0,6.0,15.0,0.907814,0.8731589999999999,1.780973,9.913925099194328,6.871600705026233
Retrochiasmatic area,0.0,0.0,0.0,0.092953,0.0853469999999999,0.1783,0.0,0.0
Retroparafascicular nucleus,0.0,1.0,1.0,0.039168,0.0382109999999999,0.077379,0.0,26.170474470702224
"Retrosplenial area, dorsal part, layer 1",0.0,0.0,0.0,0.3898459999999999,0.3862009999999999,0.7760469999999999,0.0,0.0
"Retrosplenial area, dorsal part, layer 2/3",11.0,0.0,11.0,0.484377,0.462856,0.947233,22.709583650751377,0.0
"Retrosplenial area, dorsal part, layer 4",0.0,0.0,0.0,1e-06,1e-06,2e-06,0.0,0.0
"Retrosplenial area, dorsal part, layer 5",115.0,0.0,115.0,0.676225,0.619566,1.295791,170.0617398055381,0.0
"Retrosplenial area, dorsal part, layer 6a",90.0,0.0,90.0,0.442609,0.4332129999999999,0.8758219999999999,203.3397423007666,0.0
"Retrosplenial area, dorsal part, layer 6b",0.0,0.0,0.0,0.0168369999999999,0.016614,0.0334509999999999,0.0,0.0
"Retrosplenial area, lateral agranular part, layer 1",0.0,0.0,0.0,0.177697,0.181576,0.3592729999999999,0.0,0.0
"Retrosplenial area, lateral agranular part, layer 2/3",4.0,0.0,4.0,0.266036,0.255882,0.521918,15.035559097265033,0.0
"Retrosplenial area, lateral agranular part, layer 5",24.0,0.0,24.0,0.380762,0.3520729999999999,0.7328349999999999,63.03149999212106,0.0
"Retrosplenial area, lateral agranular part, layer 6a",4.0,0.0,4.0,0.2512939999999999,0.248685,0.4999789999999999,15.917610448319504,0.0
"Retrosplenial area, lateral agranular part, layer 6b",0.0,0.0,0.0,0.0201709999999999,0.019181,0.039352,0.0,0.0
"Retrosplenial area, ventral part, layer 1",0.0,0.0,0.0,0.4960679999999999,0.513573,1.0096409999999998,0.0,0.0
"Retrosplenial area, ventral part, layer 2/3",20.0,0.0,20.0,0.539611,0.521332,1.060943,37.06373665473832,0.0
"Retrosplenial area, ventral part, layer 5",169.0,1.0,170.0,0.893975,0.859313,1.753288,189.04331776615678,1.1637203207678692
"Retrosplenial area, ventral part, layer 6a",49.0,0.0,49.0,0.3584799999999999,0.3432929999999999,0.701773,136.68823923231426,0.0
"Retrosplenial area, ventral part, layer 6b",0.0,0.0,0.0,0.024739,0.024242,0.048981,0.0,0.0
Rhomboid nucleus,1.0,0.0,1.0,0.0578129999999999,0.0644069999999999,0.12222,17.297147700344244,0.0
Rostral linear nucleus raphe,0.0,0.0,0.0,0.025928,0.0325089999999999,0.0584369999999999,0.0,0.0
"Rostrolateral area, layer 1",0.0,0.0,0.0,0.0988749999999999,0.088751,0.187626,0.0,0.0
"Rostrolateral area, layer 2/3",0.0,0.0,0.0,0.1594779999999999,0.150164,0.309642,0.0,0.0
"Rostrolateral area, layer 4",1.0,0.0,1.0,0.0863,0.0844289999999999,0.170729,11.587485515643106,0.0
"Rostrolateral area, layer 5",4.0,1.0,5.0,0.141204,0.138106,0.27931,28.327809410498286,7.240815026139342
"Rostrolateral area, layer 6a",1.0,0.0,1.0,0.08261,0.080246,0.162856,12.105072025178549,0.0
"Rostrolateral area, layer 6b",0.0,0.0,0.0,0.0155839999999999,0.0151139999999999,0.0306979999999999,0.0,0.0
"Secondary motor area, layer 1",0.0,3.0,3.0,1.205375,1.125119,2.330494,0.0,2.6663846224266057
"Secondary motor area, layer 2/3",0.0,0.0,0.0,2.152827,1.945126,4.097953,0.0,0.0
"Secondary motor area, layer 5",10.0,0.0,10.0,2.6608,2.40745,5.06825,3.7582681900180397,0.0
"Secondary motor area, layer 6a",1.0,0.0,1.0,1.319787,1.344364,2.664151,0.7576980224839311,0.0
"Secondary motor area, layer 6b",0.0,0.0,0.0,0.042095,0.04496,0.087055,0.0,0.0
Septofimbrial nucleus,0.0,0.0,0.0,0.249722,0.2659209999999999,0.515643,0.0,0.0
Septohippocampal nucleus,0.0,0.0,0.0,0.0211769999999999,0.021856,0.043033,0.0,0.0
Simple lobule,56.0,51.0,107.0,3.026796,2.907445,5.934241,18.501412054198564,17.541174467616756
"Spinal nucleus of the trigeminal, interpolar part",12.0,9.0,21.0,0.650501,0.833823,1.484324,18.44731983501947,10.79365764676676
"Spinal nucleus of the trigeminal, oral part",11.0,14.0,25.0,0.547908,0.553412,1.10132,20.076363185060266,25.297608291833207
Spinal vestibular nucleus,5.0,2.0,7.0,0.38488,0.412313,0.797193,12.991062149241323,4.850683825152251
Striatum,10.0,0.0,10.0,1.529261,1.599989,3.12925,6.5391061434248305,0.0
Subceruleus nucleus,1.0,1.0,2.0,0.0166639999999999,0.017247,0.033911,60.00960153624616,57.98109816199919
Subcommissural organ,0.0,0.0,0.0,0.0073549999999999,0.009004,0.016359,0.0,0.0
Subfornical organ,0.0,0.0,0.0,0.006212,0.007265,0.013477,0.0,0.0
Subgeniculate nucleus,1.0,0.0,1.0,0.0138079999999999,0.0140469999999999,0.0278549999999999,72.42178447276993,0.0
Subiculum,4.0,2.0,6.0,1.332294,1.343793,2.676087,3.002340324282778,1.4883244666403233
Sublaterodorsal nucleus,6.0,1.0,7.0,0.03101,0.0317589999999999,0.0627689999999999,193.48597226701065,31.48713750432958
Submedial nucleus of the thalamus,5.0,9.0,14.0,0.178446,0.182473,0.360919,28.019681023951225,49.32236550064941
Subparafascicular area,2.0,0.0,2.0,0.065722,0.0718179999999999,0.13754,30.43121024923161,0.0
"Subparafascicular nucleus, magnocellular part",0.0,0.0,0.0,0.04147,0.040409,0.081879,0.0,0.0
"Subparafascicular nucleus, parvicellular part",2.0,1.0,3.0,0.070279,0.076595,0.146874,28.45800310192234,13.055682485801945
Subparaventricular zone,0.0,0.0,0.0,0.0553489999999999,0.052926,0.108275,0.0,0.0
Substantia innominata,2.0,1.0,3.0,1.820113,1.789084,3.609197,1.0988328746621776,0.5589452479592909
"Substantia nigra, compact part",1.0,1.0,2.0,0.121871,0.1217839999999999,0.2436549999999999,8.205397510482396,8.211259278722991
"Substantia nigra, reticular part",4.0,4.0,8.0,0.90645,0.947814,1.854264,4.412819239891886,4.220237303943601
Subthalamic nucleus,3.0,3.0,6.0,0.1190399999999999,0.1152889999999999,0.2343289999999999,25.20161290322583,26.021563202040113
Superior central nucleus raphe,10.0,12.0,22.0,0.337815,0.361322,0.6991369999999999,29.602001095274044,33.21137378847676
"Superior colliculus, motor related, deep gray layer",23.0,19.0,42.0,0.682766,0.709502,1.392268,33.686504600404824,26.77934664031955
"Superior colliculus, motor related, deep white layer",3.0,2.0,5.0,0.189745,0.195017,0.384762,15.810693298901157,10.255516185768421
"Superior colliculus, motor related, intermediate gray layer",14.0,18.0,32.0,1.141541,1.150357,2.291898,12.264123671423103,15.647316441765469
"Superior colliculus, motor related, intermediate white layer",20.0,28.0,48.0,1.135943,1.167109,2.303052,17.60651722841727,23.990904020104377
"Superior colliculus, optic layer",1.0,1.0,2.0,0.421355,0.399223,0.820578,2.3732956770419245,2.5048657016254072
"Superior colliculus, superficial gray layer",1.0,0.0,1.0,0.676443,0.6142029999999999,1.290646,1.4783211593585859,0.0
"Superior colliculus, zonal layer",7.0,6.0,13.0,0.192111,0.187249,0.37936,36.43726803774901,32.04289475511218
"Superior olivary complex, lateral part",2.0,0.0,2.0,0.1990859999999999,0.181609,0.380695,10.04590980782175,0.0
"Superior olivary complex, medial part",0.0,1.0,1.0,0.110051,0.114066,0.224117,0.0,8.766854277348202
"Superior olivary complex, periolivary region",0.0,0.0,0.0,0.237721,0.245915,0.4836359999999999,0.0,0.0
Superior vestibular nucleus,8.0,6.0,14.0,0.210883,0.210473,0.4213559999999999,37.93572739386295,28.507219453326556
"Supplemental somatosensory area, layer 1",0.0,0.0,0.0,0.568676,0.684206,1.252882,0.0,0.0
"Supplemental somatosensory area, layer 2/3",0.0,0.0,0.0,1.033503,1.2069379999999998,2.240441,0.0,0.0
"Supplemental somatosensory area, layer 4",0.0,0.0,0.0,0.6067319999999999,0.688711,1.295443,0.0,0.0
"Supplemental somatosensory area, layer 5",4.0,0.0,4.0,1.157288,1.306711,2.463999,3.4563565853962017,0.0
"Supplemental somatosensory area, layer 6a",1.0,0.0,1.0,1.049509,1.135283,2.184792,0.9528265122071369,0.0
"Supplemental somatosensory area, layer 6b",0.0,0.0,0.0,0.105044,0.107751,0.212795,0.0,0.0
Suprachiasmatic nucleus,0.0,0.0,0.0,0.035132,0.033086,0.068218,0.0,0.0
Suprageniculate nucleus,3.0,6.0,9.0,0.099105,0.103044,0.202149,30.27092477675193,58.22755327821125
Supragenual nucleus,1.0,4.0,5.0,0.009922,0.0101479999999999,0.0200699999999999,100.78613182826042,394.1663381947221
Supramammillary nucleus,0.0,0.0,0.0,0.140835,0.14031,0.281145,0.0,0.0
Supraoculomotor periaqueductal gray,2.0,1.0,3.0,0.0242539999999999,0.026278,0.0505319999999999,82.46062505153823,38.05464647233428
Supraoptic nucleus,0.0,0.0,0.0,0.025092,0.024564,0.049656,0.0,0.0
Supratrigeminal nucleus,4.0,0.0,4.0,0.1528479999999999,0.1625,0.3153479999999999,26.169789594891675,0.0
"Taenia tecta, dorsal part",0.0,0.0,0.0,0.375452,0.387096,0.762548,0.0,0.0
"Taenia tecta, ventral part",0.0,0.0,0.0,0.3056049999999999,0.283618,0.5892229999999999,0.0,0.0
Tegmental reticular nucleus,3.0,5.0,8.0,0.4254409999999999,0.427104,0.8525449999999999,7.051506554375344,11.706750580654829
"Temporal association areas, layer 1",0.0,0.0,0.0,0.230076,0.260358,0.490434,0.0,0.0
"Temporal association areas, layer 2/3",12.0,0.0,12.0,0.319114,0.362547,0.6816610000000001,37.60411639727496,0.0
"Temporal association areas, layer 4",11.0,0.0,11.0,0.151445,0.1724699999999999,0.3239149999999999,72.6336293703985,0.0
"Temporal association areas, layer 5",15.0,0.0,15.0,0.4842889999999999,0.5290349999999999,1.013324,30.973241184499344,0.0
"Temporal association areas, layer 6a",4.0,0.0,4.0,0.258631,0.264158,0.522789,15.466050086803206,0.0
"Temporal association areas, layer 6b",2.0,0.0,2.0,0.041199,0.043424,0.084623,48.54486759387364,0.0
Thalamus,31.0,11.0,42.0,0.530189,0.5305759999999999,1.060765,58.46971551654221,20.7321853985103
Triangular nucleus of septum,0.0,0.0,0.0,0.164097,0.1725239999999999,0.3366209999999999,0.0,0.0
Trochlear nucleus,0.0,0.0,0.0,0.0035199999999999,0.003854,0.0073739999999999,0.0,0.0
Tuberal nucleus,0.0,0.0,0.0,0.282033,0.326633,0.6086659999999999,0.0,0.0
"Tuberomammillary nucleus, dorsal part",0.0,0.0,0.0,0.0120089999999999,0.012152,0.024161,0.0,0.0
"Tuberomammillary nucleus, ventral part",0.0,0.0,0.0,0.0483559999999999,0.050989,0.0993449999999999,0.0,0.0
Uvula (IX),3.0,4.0,7.0,0.2569349999999999,0.4795069999999999,0.7364419999999999,11.67610485142157,8.341901160984095
Vascular organ of the lamina terminalis,0.0,0.0,0.0,0.002853,0.004038,0.0068909999999999,0.0,0.0
Ventral anterior-lateral complex of the thalamus,55.0,7.0,62.0,0.4883389999999999,0.44853,0.936869,112.62667941737197,15.606536909459791
"Ventral auditory area, layer 1",0.0,0.0,0.0,0.1130839999999999,0.132349,0.2454329999999999,0.0,0.0
"Ventral auditory area, layer 2/3",0.0,0.0,0.0,0.163399,0.194241,0.3576399999999999,0.0,0.0
"Ventral auditory area, layer 4",0.0,0.0,0.0,0.099616,0.1213109999999999,0.2209269999999999,0.0,0.0
"Ventral auditory area, layer 5",1.0,0.0,1.0,0.302516,0.37205,0.674566,3.30561028177022,0.0
"Ventral auditory area, layer 6a",3.0,0.0,3.0,0.140341,0.150872,0.291213,21.376504371495145,0.0
"Ventral auditory area, layer 6b",0.0,0.0,0.0,0.021783,0.023135,0.044918,0.0,0.0
Ventral cochlear nucleus,1.0,1.0,2.0,0.466447,0.461439,0.927886,2.143866291347141,2.1671336839755635
Ventral medial nucleus of the thalamus,28.0,9.0,37.0,0.5900299999999999,0.573108,1.163138,47.45521414165382,15.703846395443792
Ventral part of the lateral geniculate complex,19.0,7.0,26.0,0.240081,0.223438,0.463519,79.13995693120239,31.32860122271055
Ventral posterolateral nucleus of the thalamus,32.0,15.0,47.0,0.512898,0.4800339999999999,0.992932,62.390572784452274,31.24778661511477
"Ventral posterolateral nucleus of the thalamus, parvicellular part",3.0,3.0,6.0,0.052389,0.0558559999999999,0.108245,57.263929450838916,53.70953881409348
Ventral posteromedial nucleus of the thalamus,50.0,46.0,96.0,0.959008,0.8784179999999999,1.837426,52.137208448730355,52.366868620633916
"Ventral posteromedial nucleus of the thalamus, parvicellular part",3.0,5.0,8.0,0.136081,0.139955,0.276036,22.045693373799427,35.72576899717767
Ventral premammillary nucleus,0.0,0.0,0.0,0.096859,0.099745,0.196604,0.0,0.0
Ventral tegmental area,1.0,2.0,3.0,0.260424,0.2700329999999999,0.530457,3.8398918686449792,7.406502168253512
Ventral tegmental nucleus,3.0,0.0,3.0,0.0206249999999999,0.019344,0.039969,145.45454545454615,0.0
Ventrolateral preoptic nucleus,0.0,0.0,0.0,0.031703,0.032012,0.063715,0.0,0.0
Ventromedial hypothalamic nucleus,0.0,0.0,0.0,0.3250949999999999,0.339225,0.66432,0.0,0.0
Ventromedial preoptic nucleus,0.0,0.0,0.0,0.023101,0.02171,0.044811,0.0,0.0
Vestibulocerebellar nucleus,0.0,0.0,0.0,0.049498,0.0501459999999999,0.099644,0.0,0.0
"Visceral area, layer 1",0.0,0.0,0.0,0.142238,0.178285,0.320523,0.0,0.0
"Visceral area, layer 2/3",0.0,0.0,0.0,0.234724,0.276954,0.511678,0.0,0.0
"Visceral area, layer 4",0.0,0.0,0.0,0.08423,0.0950879999999999,0.1793179999999999,0.0,0.0
"Visceral area, layer 5",0.0,0.0,0.0,0.356072,0.4077969999999999,0.7638689999999999,0.0,0.0
"Visceral area, layer 6a",0.0,0.0,0.0,0.285074,0.320779,0.605853,0.0,0.0
"Visceral area, layer 6b",0.0,0.0,0.0,0.027587,0.0304489999999999,0.058036,0.0,0.0
Xiphoid thalamic nucleus,1.0,0.0,1.0,0.0487289999999999,0.062744,0.1114729999999999,20.52166061277683,0.0
Zona incerta,39.0,23.0,62.0,0.8684149999999999,0.878381,1.7467959999999998,44.90940391402728,26.18453723384272
alveus,9.0,1.0,10.0,0.8267329999999999,0.783337,1.61007,10.886223242570455,1.276589769154272
amygdalar capsule,0.0,0.0,0.0,0.08668,0.08993,0.17661,0.0,0.0
"anterior commissure, olfactory limb",0.0,1.0,1.0,0.3896429999999999,0.392962,0.782605,0.0,2.5447753217868394
"anterior commissure, temporal limb",0.0,0.0,0.0,0.117583,0.116629,0.2342119999999999,0.0,0.0
arbor vitae,26.0,35.0,61.0,3.555969,3.605897,7.161866,7.311649792222598,9.7063227263563
auditory radiation,4.0,1.0,5.0,0.2331899999999999,0.224241,0.457431,17.15339422788285,4.459487783233218
brachium of the inferior colliculus,0.0,0.0,0.0,0.0995429999999999,0.1047439999999999,0.204287,0.0,0.0
brachium of the superior colliculus,18.0,0.0,18.0,0.1022209999999999,0.102087,0.204308,176.08906193443636,0.0
"central canal, spinal cord/medulla",0.0,0.0,0.0,6e-06,4.1e-05,4.7e-05,0.0,0.0
cerebal peduncle,0.0,0.0,0.0,0.4439349999999999,0.476261,0.920196,0.0,0.0
cerebellar commissure,0.0,0.0,0.0,0.045647,0.0507689999999999,0.096416,0.0,0.0
cerebral aqueduct,3.0,2.0,5.0,0.103918,0.1192019999999999,0.2231199999999999,28.868915875979138,16.778241975805788
choroid plexus,3.0,4.0,7.0,0.595394,0.5894659999999999,1.18486,5.038680268863979,6.78580274350005
cingulum bundle,1.0,0.0,1.0,0.6942929999999999,0.691224,1.385517,1.440314103699735,0.0
columns of the fornix,0.0,0.0,0.0,0.1558139999999999,0.148778,0.304592,0.0,0.0
commissural branch of stria terminalis,0.0,0.0,0.0,0.0181099999999999,0.018756,0.0368659999999999,0.0,0.0
"corpus callosum, anterior forceps",0.0,0.0,0.0,0.491538,0.451766,0.943304,0.0,0.0
"corpus callosum, body",0.0,0.0,0.0,1.7068029999999998,1.733474,3.440277,0.0,0.0
"corpus callosum, extreme capsule",0.0,0.0,0.0,0.050671,0.055575,0.106246,0.0,0.0
"corpus callosum, posterior forceps",1.0,0.0,1.0,0.7363959999999999,0.705341,1.4417369999999998,1.357965007957675,0.0
"corpus callosum, splenium",0.0,0.0,0.0,0.437793,0.395184,0.832977,0.0,0.0
corticospinal tract,0.0,0.0,0.0,0.05071,0.052496,0.1032059999999999,0.0,0.0
crossed tectospinal pathway,3.0,0.0,3.0,0.2667899999999999,0.2698669999999999,0.5366569999999999,11.244799280332849,0.0
direct tectospinal pathway,0.0,0.0,0.0,2e-06,2e-06,4e-06,0.0,0.0
doral tegmental decussation,0.0,0.0,0.0,0.0034219999999999,0.003583,0.0070049999999999,0.0,0.0
dorsal acoustic stria,0.0,0.0,0.0,0.007403,0.007434,0.014837,0.0,0.0
dorsal fornix,0.0,0.0,0.0,0.021806,0.022746,0.0445519999999999,0.0,0.0
dorsal hippocampal commissure,0.0,1.0,1.0,0.540629,0.498432,1.039061,0.0,2.006291730868002
dorsal limb,0.0,0.0,0.0,0.078856,0.079361,0.158217,0.0,0.0
dorsal spinocerebellar tract,0.0,0.0,0.0,0.0389199999999999,0.0443249999999999,0.0832449999999999,0.0,0.0
external capsule,0.0,1.0,1.0,0.449285,0.437167,0.886452,0.0,2.2874553660271704
external medullary lamina of the thalamus,6.0,3.0,9.0,0.0677909999999999,0.066679,0.1344699999999999,88.50732398105956,44.99167653984013
facial nerve,0.0,0.0,0.0,0.041388,0.041593,0.082981,0.0,0.0
fasciculus retroflexus,0.0,1.0,1.0,0.0938919999999999,0.091544,0.185436,0.0,10.923708817617758
fiber tracts,29.0,3.0,32.0,0.8410759999999999,0.787663,1.628739,34.47964274334306,3.808735461739348
fimbria,0.0,1.0,1.0,0.813983,0.688384,1.502367,0.0,1.4526775753068055
fourth ventricle,1.0,0.0,1.0,0.194493,0.195819,0.390312,5.141573218573419,0.0
genu of corpus callosum,0.0,0.0,0.0,0.4627929999999999,0.510732,0.973525,0.0,0.0
genu of the facial nerve,0.0,0.0,0.0,0.0141,0.0147409999999999,0.028841,0.0,0.0
habenular commissure,0.0,0.0,0.0,0.025212,0.022951,0.048163,0.0,0.0
inferior cerebellar peduncle,0.0,0.0,0.0,0.318173,0.290655,0.6088279999999999,0.0,0.0
inferior colliculus commissure,0.0,0.0,0.0,0.009139,0.009153,0.018292,0.0,0.0
internal capsule,2.0,0.0,2.0,1.259045,1.314191,2.573236,1.5885055736689317,0.0
lateral lemniscus,3.0,0.0,3.0,0.429622,0.408256,0.837878,6.98288262705355,0.0
"lateral olfactory tract, body",0.0,0.0,0.0,0.4448669999999999,0.470549,0.915416,0.0,0.0
lateral recess,2.0,0.0,2.0,0.2135929999999999,0.211613,0.425206,9.363602739790167,0.0
lateral ventricle,5.0,10.0,15.0,0.887436,0.8769979999999999,1.764434,5.6342091147981375,11.40253455538097
mammillary peduncle,0.0,0.0,0.0,0.018442,0.0150619999999999,0.033504,0.0,0.0
mammillotegmental tract,0.0,0.0,0.0,0.036282,0.035349,0.071631,0.0,0.0
mammillothalamic tract,0.0,2.0,2.0,0.072337,0.070258,0.142595,0.0,28.46650915198269
medial corticohypothalamic tract,0.0,0.0,0.0,0.003825,0.0036149999999999,0.0074399999999999,0.0,0.0
medial forebrain bundle,1.0,0.0,1.0,0.028349,0.026937,0.055286,35.27461286112385,0.0
medial lemniscus,0.0,0.0,0.0,0.352694,0.370902,0.723596,0.0,0.0
medial longitudinal fascicle,1.0,0.0,1.0,0.070782,0.070995,0.141777,14.127885620638017,0.0
middle cerebellar peduncle,0.0,0.0,0.0,0.439739,0.4495949999999999,0.889334,0.0,0.0
motor root of the trigeminal nerve,0.0,0.0,0.0,0.021175,0.021261,0.042436,0.0,0.0
nigrostriatal tract,0.0,3.0,3.0,0.0730659999999999,0.0679739999999999,0.14104,0.0,44.13452202312656
oculomotor nerve,0.0,0.0,0.0,0.00488,0.005378,0.010258,0.0,0.0
olfactory nerve layer of main olfactory bulb,14.0,19.0,33.0,1.417883,1.274444,2.692327,9.873875347965946,14.90846204305564
optic chiasm,0.0,0.0,0.0,0.145343,0.132399,0.277742,0.0,0.0
optic nerve,0.0,0.0,0.0,0.029486,0.025865,0.055351,0.0,0.0
optic radiation,48.0,0.0,48.0,1.034228,0.973056,2.007284,46.41142958805989,0.0
optic tract,0.0,0.0,0.0,0.3780079999999999,0.303825,0.6818329999999999,0.0,0.0
posterior commissure,0.0,0.0,0.0,0.032674,0.03231,0.064984,0.0,0.0
"posteromedial visual area, layer 1",0.0,0.0,0.0,0.070646,0.06389,0.134536,0.0,0.0
"posteromedial visual area, layer 2/3",8.0,0.0,8.0,0.1191,0.1083259999999999,0.227426,67.17044500419816,0.0
"posteromedial visual area, layer 4",6.0,0.0,6.0,0.044173,0.043146,0.087319,135.82957915468725,0.0
"posteromedial visual area, layer 5",50.0,0.0,50.0,0.143295,0.151009,0.294304,348.9305279318887,0.0
"posteromedial visual area, layer 6a",3.0,0.0,3.0,0.083087,0.082548,0.1656349999999999,36.106731498309,0.0
"posteromedial visual area, layer 6b",0.0,0.0,0.0,0.015306,0.0144739999999999,0.02978,0.0,0.0
principal mammillary tract,0.0,0.0,0.0,0.018755,0.0191719999999999,0.037927,0.0,0.0
pyramid,0.0,0.0,0.0,0.2004689999999999,0.2206159999999999,0.4210849999999999,0.0,0.0
root,43.0,25.0,68.0,1.600628,1.738922,3.33955,26.864455701137306,14.376723050257572
rubrospinal tract,0.0,0.0,0.0,0.252645,0.246975,0.49962,0.0,0.0
sensory root of the trigeminal nerve,0.0,0.0,0.0,0.152422,0.184475,0.336897,0.0,0.0
spinal tract of the trigeminal nerve,0.0,0.0,0.0,0.53187,0.628929,1.160799,0.0,0.0
stria medullaris,0.0,0.0,0.0,0.152447,0.1397169999999999,0.292164,0.0,0.0
stria terminalis,2.0,1.0,3.0,0.189073,0.182602,0.371675,10.577924928466784,5.476391277203974
subependymal zone,0.0,3.0,3.0,0.049498,0.0516299999999999,0.101128,0.0,58.1057524694946
superior cerebelar peduncles,1.0,1.0,2.0,0.2382139999999999,0.2126259999999999,0.4508399999999999,4.197906084445081,4.703093695032595
superior cerebellar peduncle decussation,0.0,0.0,0.0,0.0219439999999999,0.025705,0.047649,0.0,0.0
superior colliculus commissure,0.0,0.0,0.0,0.016567,0.01712,0.0336869999999999,0.0,0.0
supra-callosal cerebral white matter,4.0,1.0,5.0,0.6785209999999999,0.6276919999999999,1.3062129999999998,5.895174946685512,1.5931380358519787
supraoptic commissures,0.0,0.0,0.0,0.0150059999999999,0.012717,0.0277229999999999,0.0,0.0
third ventricle,2.0,1.0,3.0,0.337878,0.424537,0.7624150000000001,5.919296314054185,2.3555072938283352
trapezoid body,0.0,0.0,0.0,0.1458249999999999,0.1551779999999999,0.3010029999999999,0.0,0.0
trochlear nerve,0.0,0.0,0.0,0.004141,0.004287,0.008428,0.0,0.0
uncinate fascicle,0.0,0.0,0.0,0.0390989999999999,0.038592,0.077691,0.0,0.0
ventral hippocampal commissure,0.0,0.0,0.0,0.0302139999999999,0.032735,0.062949,0.0,0.0
ventral spinocerebellar tract,0.0,0.0,0.0,0.1121539999999999,0.1122919999999999,0.2244459999999999,0.0,0.0
ventral tegmental decussation,0.0,0.0,0.0,0.019669,0.0215789999999999,0.0412479999999999,0.0,0.0
vestibular nerve,0.0,0.0,0.0,0.1173419999999999,0.1196339999999999,0.2369759999999999,0.0,0.0
vomeronasal nerve,0.0,0.0,0.0,0.008605,0.007736,0.016341,0.0,0.0
